name,team,player_position,min_pick,max_pick,avg_pick,pick_count,adp_overall_pick,adp_roundpick
Ja'Marr Chase,CIN,WR,1,6,1.89,19,1,1.1
Ashton Jeanty,LV,RB,1,11,2.18,50,2,1.2
Justin Jefferson,MIN,WR,1,11,3.53,19,3,1.3
Bijan Robinson,ATL,RB,1,7,3.58,19,4,1.4
Omarion Hampton,LAC,RB,2,26,5.24,50,5,1.5
Malik Nabers,NYG,WR,2,13,5.84,19,6,1.6
Jahmyr Gibbs,DET,RB,2,12,6.05,19,7,1.7
CeeDee Lamb,DAL,WR,2,20,7.58,19,8,1.8
Travis Hunter,JAX,WR,1,39,8.04,51,9,1.9
Tetairoa McMillan,CAR,WR,2,41,9.16,50,10,1.10
TreVeyon Henderson,NE,RB,3,48,9.54,50,11,1.11
Amon-Ra St. Brown,DET,WR,5,15,10.37,19,12,1.12
Brian Thomas,JAX,WR,5,17,10.74,19,13,2.1
Puka Nacua,LAR,WR,6,18,11.0,19,14,2.2
Brock Bowers,LV,TE,4,22,12.58,19,15,2.3
Saquon Barkley,PHI,RB,7,21,13.47,19,16,2.4
Quinshon Judkins,CLE,RB,3,76,13.8,50,17,2.5
Josh Allen,BUF,QB,1,32,13.84,19,18,2.6
Darius Alexander,NYG,DL,14,14,14.0,1,19,2.7
RJ Harvey,DEN,RB,4,67,14.6,50,20,2.8
Kaleb Johnson,PIT,RB,3,71,16.06,50,21,2.9
Jayden Daniels,WAS,QB,1,30,16.11,19,22,2.10
De'Von Achane,MIA,RB,8,29,17.0,19,23,2.11
Nico Collins,HOU,WR,8,29,17.11,19,24,2.12
Emeka Egbuka,TB,WR,5,72,17.3,50,25,3.1
Drake London,ATL,WR,12,33,18.0,19,26,3.2
Matthew Golden,GB,WR,6,71,18.28,50,27,3.3
Ladd McConkey,LAC,WR,6,36,18.63,19,28,3.4
Tyler Warren,IND,TE,5,83,18.88,50,29,3.5
Marvin Harrison,ARI,WR,10,35,19.26,19,30,3.6
Lamar Jackson,BAL,QB,3,34,19.95,19,31,3.7
Colston Loveland,CHI,TE,6,84,20.38,50,32,3.8
Abdul Carter,NYG,DL,1,92,21.5,8,33,3.9
Trey McBride,ARI,TE,12,31,21.53,19,34,3.10
Bucky Irving,TB,RB,10,34,21.58,19,35,3.11
Jaxon Smith-Njigba,SEA,WR,14,37,23.74,19,36,3.12
A.J. Brown,PHI,WR,11,41,24.42,19,37,4.1
Cam Skattebo,NYG,RB,8,102,24.6,50,38,4.2
Garrett Wilson,NYJ,WR,13,39,24.79,19,39,4.3
Aeneas Peebles,BAL,DT,26,26,26.0,1,40,4.4
Jayden Higgins,HOU,WR,6,122,26.92,50,41,4.5
Jonathan Taylor,IND,RB,17,41,27.32,19,42,4.6
Tre' Harris,LAC,WR,3,182,27.98,50,43,4.7
Luther Burden,CHI,WR,11,147,29.36,50,44,4.8
Jalen Hurts,PHI,QB,5,73,30.89,19,45,4.9
Breece Hall,NYJ,RB,22,39,31.16,19,46,4.10
Joe Burrow,CIN,QB,4,57,31.42,19,47,4.11
Christian McCaffrey,SF,RB,11,48,32.05,19,48,4.12
Kyren Williams,LAR,RB,24,52,32.58,19,49,5.1
Jack Bech,LV,WR,10,156,33.02,50,50,5.2
Chase Brown,CIN,RB,24,48,33.68,19,51,5.3
Rashee Rice,KC,WR,19,54,35.37,19,52,5.4
Tee Higgins,CIN,WR,22,46,35.47,19,53,5.5
Kyle Williams,NE,WR,13,169,35.66,50,54,5.6
Jaydon Blue,DAL,RB,12,116,35.68,50,55,5.7
Ashton Gillotte,KC,DE,36,36,36.0,1,56,5.8
Josh Jacobs,GB,RB,25,43,36.16,19,57,5.9
Carson Schwesinger,CLE,LB,3,149,36.38,8,58,5.10
Cam Ward,TEN,QB,3,197,37.72,50,59,5.11
Bhayshul Tuten,JAX,RB,12,196,37.78,50,60,5.12
James Cook,BUF,RB,17,57,38.32,19,61,6.1
Mason Taylor,NYJ,TE,17,191,42.44,50,62,6.2
Rome Odunze,CHI,WR,19,58,42.79,19,63,6.3
Jordan Burch,ARI,DL,43,43,43.0,1,64,6.4
Jalon Walker,ATL,DL,7,125,43.13,8,65,6.5
Oluwafemi Oladejo,TEN,DL,31,56,43.5,2,66,6.6
Dylan Sampson,CLE,RB,16,184,43.64,50,67,6.7
Derrick Henry,BAL,RB,27,75,43.79,19,68,6.8
Smael Mondon,PHI,LB,44,44,44.0,1,69,6.9
Mike Green,BAL,DL,9,171,44.63,8,70,6.10
Kyle Kennard,LAC,DE,45,45,45.0,1,71,6.11
Lathan Ransom,CAR,DB,42,47,45.0,3,72,6.12
Sam LaPorta,DET,TE,24,70,45.42,19,73,7.1
Chuba Hubbard,CAR,RB,36,56,45.63,19,74,7.2
Kenneth Walker,SEA,RB,35,74,45.74,19,75,7.3
Malaki Starks,BAL,DB,18,140,46.0,8,76,7.4
John Hoyland,,K,46,46,46.0,1,77,7.5
Jihaad Campbell,PHI,LB,5,209,46.13,8,78,7.6
Xavier Worthy,KC,WR,33,66,46.37,19,79,7.7
Mason Graham,CLE,DL,2,142,46.5,8,80,7.8
Elijah Arroyo,SEA,TE,19,182,46.62,50,81,7.9
Mykel Williams,SF,DL,8,189,46.75,8,82,7.10
Matt Harmon,,LB,47,47,47.0,1,83,7.11
Jaylin Noel,HOU,WR,18,206,48.2,50,84,7.12
DeVonta Smith,PHI,WR,38,62,49.05,19,85,8.1
Jeffrey Bassa,KC,LB,24,75,49.5,2,86,8.2
Terry McLaurin,WAS,WR,30,72,49.74,19,87,8.3
Devin Neal,NO,RB,14,246,50.69,49,88,8.4
DJ Moore,CHI,WR,27,76,51.79,19,89,8.5
Zay Flowers,BAL,WR,28,64,52.11,19,90,8.6
Jalen Royals,KC,WR,18,286,53.9,49,91,8.7
DK Metcalf,PIT,WR,32,71,54.37,19,92,8.8
Kobe King,MIN,LB,48,61,54.5,2,93,8.9
Jaxson Dart,NYG,QB,11,259,55.75,48,94,8.10
Alvin Kamara,NO,RB,40,74,56.11,19,95,8.11
DJ Giddens,IND,RB,16,305,56.23,48,96,8.12
Elic Ayomanor,TEN,WR,19,285,56.26,50,97,9.1
Pat Bryant,DEN,WR,17,257,56.49,47,98,9.2
Terrance Ferguson,LAR,TE,21,279,56.67,49,99,9.3
Josaiah Stewart,LAR,DE,25,78,57.0,3,100,9.4
George Kittle,SF,TE,42,101,57.84,19,101,9.5
Chris Olave,NO,WR,33,91,58.74,19,102,9.6
Jalen Milroe,SEA,QB,17,292,58.92,49,103,9.7
Barryn Sorrell,GB,DE,38,82,60.0,2,104,9.8
Rylie Mills,SEA,DL,61,61,61.0,1,105,9.9
Tory Horton,SEA,WR,27,245,61.1,48,106,9.10
James Pearce,ATL,DL,4,274,61.13,8,107,9.11
Bo Nix,DEN,QB,10,95,61.16,19,108,9.12
Nick Emmanwori,SEA,DB,12,231,61.38,8,109,10.1
Demetrius Knight,CIN,LB,10,250,61.5,8,110,10.2
Jordan Addison,MIN,WR,44,103,62.0,19,111,10.3
Tyreek Hill,MIA,WR,31,81,62.05,19,112,10.4
Joe Mixon,HOU,RB,38,117,62.11,19,113,10.5
Drake Maye,NE,QB,16,164,62.53,19,114,10.6
Sai'vion Jones,DEN,DE,63,63,63.0,1,115,10.7
Jameson Williams,DET,WR,47,84,63.0,19,116,10.8
Harold Fannin,CLE,TE,25,283,63.11,46,117,10.9
Isiah Pacheco,KC,RB,37,87,63.16,19,118,10.10
Jaylen Waddle,MIA,WR,48,81,63.26,19,119,10.11
Patrick Mahomes,KC,QB,8,115,63.37,19,120,10.12
George Pickens,DAL,WR,49,86,64.89,19,121,11.1
Micah Parsons,DAL,LB,58,79,66.0,4,122,11.2
Ollie Gordon,MIA,RB,26,254,66.68,44,123,11.3
Aidan Hutchinson,DET,DL,63,77,67.5,4,124,11.4
Jerry Jeudy,CLE,WR,54,98,68.32,19,125,11.5
Barrett Carter,CIN,LB,40,84,69.25,4,126,11.6
Jarquez Hunter,LAR,RB,28,351,69.94,47,127,11.7
Jordan James,SF,RB,23,355,70.82,45,128,11.8
Caleb Williams,CHI,QB,13,119,70.89,19,129,11.9
Will Anderson,HOU,DL,67,82,72.0,4,130,11.10
David Montgomery,DET,RB,54,102,72.79,19,131,11.11
Courtland Sutton,DEN,WR,59,87,72.95,19,132,11.12
Woody Marks,HOU,RB,25,310,72.95,41,133,12.1
D'Andre Swift,CHI,RB,50,99,73.32,19,134,12.2
Mike Evans,TB,WR,49,140,73.37,19,135,12.3
Isaac TeSlaa,DET,WR,23,272,73.51,41,136,12.4
Kyle Monangai,CHI,RB,18,214,73.58,36,137,12.5
Shemar Stewart,CIN,DL,15,261,73.88,8,138,12.6
James Conner,ARI,RB,44,103,74.05,19,139,12.7
Shedeur Sanders,CLE,QB,22,284,74.08,39,140,12.8
Trevor Etienne,CAR,RB,25,307,75.27,41,141,12.9
T.J. Hockenson,MIN,TE,49,132,75.37,19,142,12.10
Maxx Crosby,LV,DE,68,84,75.5,4,143,12.11
Donovan Ezeiruaku,DAL,DL,13,330,75.88,8,144,12.12
Jared Verse,LAR,DL,72,88,76.0,4,145,13.1
Travis Etienne,JAX,RB,35,112,76.16,19,146,13.2
Zaire Franklin,IND,LB,68,85,76.25,4,147,13.3
Ricky Pearsall,SF,WR,58,109,76.26,19,148,13.4
Roquan Smith,BAL,LB,65,87,79.5,4,149,13.5
Brian Robinson,WAS,RB,52,110,81.84,19,150,13.6
Davante Adams,LAR,WR,51,124,83.0,19,151,13.7
Myles Garrett,CLE,DE,77,89,83.5,4,152,13.8
Jahdae Barron,DEN,DB,29,316,83.88,8,153,13.9
Benjamin Morrison,TB,DB,84,84,84.0,1,154,13.10
Kyle Hamilton,BAL,DB,69,99,84.25,4,155,13.11
T.J. Watt,PIT,LB,69,109,84.25,4,156,13.12
Tony Pollard,TEN,RB,65,106,84.89,19,157,14.1
Brian Branch,DET,DB,77,93,85.0,4,158,14.2
Zack Baun,PHI,LB,73,97,85.5,4,159,14.3
Ernest Jones,SEA,LB,73,104,86.75,4,160,14.4
Tyrone Tracy,NYG,RB,57,116,87.47,19,161,14.5
Brashard Smith,KC,RB,31,334,87.74,34,162,14.6
Nick Bosa,SF,DE,75,95,87.75,4,163,14.7
Xavier Restrepo,TEN,WR,29,342,88.75,32,164,14.8
Aaron Jones,MIN,RB,64,111,89.47,19,165,14.9
Fred Warner,SF,LB,83,100,90.25,4,166,14.10
Josh Downs,IND,WR,61,136,91.0,19,167,14.11
Chris Godwin,TB,WR,49,115,91.63,19,168,14.12
Brandon Aiyuk,SF,WR,58,202,92.68,19,169,15.1
Tyler Shough,NO,QB,22,356,92.84,31,170,15.2
Derrick Harmon,PIT,DL,17,340,92.86,7,171,15.3
Dont'e Thornton,LV,WR,33,242,93.83,23,172,15.4
Keon Coleman,BUF,WR,47,122,94.05,19,173,15.5
Tai Felton,MIN,WR,30,402,94.44,34,174,15.6
Nic Scourton,CAR,DL,16,373,95.13,8,175,15.7
Khalil Shakir,BUF,WR,74,137,95.47,19,176,15.8
Calvin Ridley,TEN,WR,72,118,95.63,19,177,15.9
Will Johnson,ARI,DB,41,269,96.67,6,178,15.10
Nick Bolton,KC,LB,90,105,97.0,4,179,15.11
Justin Herbert,LAC,QB,21,197,97.11,19,180,15.12
Jakobi Meyers,LV,WR,69,139,97.84,19,181,16.1
Zach Charbonnet,SEA,RB,79,152,97.95,19,182,16.2
Andrew Mukuba,PHI,DB,37,308,98.17,6,183,16.3
Damien Martinez,SEA,RB,28,427,98.85,33,184,16.4
Nik Bonitto,DEN,LB,82,129,99.0,4,185,16.5
Savion Williams,GB,WR,29,415,99.0,31,186,16.6
C.J. Stroud,HOU,QB,24,222,99.21,19,187,16.7
Tahj Brooks,CIN,RB,35,303,99.41,27,188,16.8
Nick Martin,SF,LB,6,411,101.57,7,189,16.9
Jayden Reed,GB,WR,69,218,102.47,19,190,16.10
Jaylen Warren,PIT,RB,66,128,102.79,19,191,16.11
Edgerrin Cooper,GB,LB,88,126,104.75,4,192,16.12
Chris Paul,LAR,LB,22,348,105.4,5,193,17.1
Deebo Samuel,WAS,WR,62,144,105.74,19,194,17.2
Kyler Murray,ARI,QB,23,224,105.95,19,195,17.3
T.J. Edwards,CHI,LB,92,127,106.25,4,196,17.4
Antoine Winfield,TB,DB,94,125,107.0,4,197,17.5
Najee Harris,LAC,RB,54,154,107.74,19,198,17.6
Foyesade Oluokun,JAX,LB,94,132,108.0,4,199,17.7
Dalton Kincaid,BUF,TE,64,178,108.42,19,200,17.8
Kenneth Grant,MIA,DL,35,406,109.33,6,201,17.9
Walter Nolen,ARI,DL,20,412,110.43,7,202,17.10
Travon Walker,JAX,LB,87,145,110.75,4,203,17.11
Kyle Pitts,ATL,TE,75,180,111.37,19,204,17.12
J.J. McCarthy,MIN,QB,28,222,111.68,19,205,18.1
Michael Pittman,IND,WR,84,143,111.89,19,206,18.2
Javonte Williams,DAL,RB,84,162,112.37,19,207,18.3
Trey Benson,ARI,RB,77,214,112.63,19,208,18.4
Tucker Kraft,GB,TE,61,175,112.84,19,209,18.5
Nick Cross,IND,DB,99,138,113.75,4,210,18.6
Danny Stutsman,NO,LB,19,452,113.86,7,211,18.7
Jauan Jennings,SF,WR,61,229,114.26,19,212,18.8
Patrick Queen,PIT,LB,105,133,116.5,4,213,18.9
Jordan Love,GB,QB,14,223,117.79,19,214,18.10
JT Tuimoloau,IND,DL,21,469,118.0,7,215,18.11
Andrew Van Ginkel,MIN,LB,107,138,118.25,4,216,18.12
Tyjae Spears,TEN,RB,48,237,118.47,19,217,19.1
David Njoku,CLE,TE,82,160,119.05,19,218,19.2
Brock Purdy,SF,QB,30,225,120.42,19,219,19.3
Mark Andrews,BAL,TE,56,227,120.89,19,220,19.4
Jessie Bates,ATL,DB,114,131,121.25,4,221,19.5
Xavier Watts,ATL,DB,32,472,121.29,7,222,19.6
Princely Umanmielen,CAR,DL,23,420,121.5,6,223,19.7
Jonathan Greenard,MIN,DE,75,146,122.25,4,224,19.8
Baker Mayfield,TB,QB,32,216,123.37,19,225,19.9
Terrel Bernard,BUF,LB,98,166,124.25,4,226,19.10
Marvin Mims,DEN,WR,88,160,125.37,19,227,19.11
Trey Hendrickson,CIN,DE,86,159,125.5,4,228,19.12
Jalen Carter,PHI,DL,107,168,125.75,4,229,20.1
Bobby Okereke,NYG,LB,91,150,126.75,4,230,20.2
Kayvon Thibodeaux,NYG,DL,96,165,127.75,4,231,20.3
Stefon Diggs,NE,WR,86,208,127.79,19,232,20.4
Brian Burns,NYG,DE,111,155,128.25,4,233,20.5
Derwin James,LAC,DB,112,148,128.25,4,234,20.6
Cooper Kupp,SEA,WR,88,205,128.42,19,235,20.7
Jordan Mason,MIN,RB,85,238,128.84,19,236,20.8
Jack Campbell,DET,LB,105,153,129.75,4,237,20.9
Greg Rousseau,BUF,DE,89,158,131.0,4,238,20.10
Josh Hines-Allen,JAX,DE,107,173,131.25,4,239,20.11
Jordyn Brooks,MIA,LB,101,157,133.5,4,240,20.12
Darnell Mooney,ATL,WR,64,268,134.53,19,241,21.1
Oronde Gadsden,LAC,TE,38,332,135.89,19,242,21.2
Daiyan Henley,LAC,LB,119,153,136.0,4,243,21.3
Jalen McMillan,TB,WR,81,226,136.26,19,244,21.4
Will Howard,PIT,QB,31,390,137.76,21,245,21.5
Trevor Lawrence,JAX,QB,28,248,137.89,19,246,21.6
Quay Walker,GB,LB,111,170,138.5,4,247,21.7
Michael Penix,ATL,QB,49,262,138.84,19,248,21.8
Rhamondre Stevenson,NE,RB,93,266,139.89,19,249,21.9
Bryce Young,CAR,QB,51,232,140.79,19,250,21.10
Jacory Croskey-Merritt,WAS,RB,32,315,140.8,15,251,21.11
Jack Sawyer,PIT,DL,28,496,140.8,5,252,21.12
Tank Bigsby,JAX,RB,78,242,141.74,19,253,22.1
Xavier McKinney,GB,DB,126,158,141.75,4,254,22.2
Rachaad White,TB,RB,104,255,141.89,19,255,22.3
Evan Engram,DEN,TE,104,235,141.95,19,256,22.4
Rashid Shaheed,NO,WR,97,256,142.74,19,257,22.5
Cody Simon,ARI,LB,11,489,143.6,5,258,22.6
Jonnu Smith,PIT,TE,86,263,143.68,19,259,22.7
Justin Fields,NYJ,QB,49,264,143.84,19,260,22.8
J.K. Dobbins,DEN,RB,89,242,143.89,19,261,22.9
Julian Love,SEA,DB,122,172,144.5,4,262,22.10
Danielle Hunter,HOU,DE,129,181,146.25,4,263,22.11
Xavier Legette,CAR,WR,72,291,147.16,19,264,22.12
Harold Landry,NE,LB,110,187,147.25,4,265,23.1
Isaiah Likely,BAL,TE,60,211,148.42,19,266,23.2
Cam Bynum,IND,DB,125,166,150.0,4,267,23.3
Robert Spillane,NE,LB,119,190,150.25,4,268,23.4
Jared Goff,DET,QB,59,240,150.89,19,269,23.5
Travis Kelce,KC,TE,91,228,151.11,19,270,23.6
Jake Ferguson,DAL,TE,105,243,151.79,19,271,23.7
Dallas Turner,MIN,LB,133,183,154.25,4,272,23.8
Jerome Ford,CLE,RB,89,258,154.68,19,273,23.9
Jamien Sherwood,NYJ,LB,99,283,155.25,4,274,23.10
Budda Baker,ARI,DB,146,163,155.25,4,275,23.11
Dak Prescott,DAL,QB,26,284,156.16,19,276,23.12
Logan Wilson,CIN,LB,114,211,156.5,4,277,24.1
Tyler Loop,BAL,K,25,289,156.71,7,278,24.2
Isaac Guerendo,SF,RB,109,282,158.58,19,279,24.3
Jaylen Wright,MIA,RB,114,236,158.79,19,280,24.4
Rashod Bateman,BAL,WR,110,271,158.89,19,281,24.5
Frankie Luvu,WAS,LB,136,201,159.0,4,282,24.6
Chimere Dike,TEN,WR,38,404,159.76,17,283,24.7
Braelon Allen,NYJ,RB,111,307,161.89,19,284,24.8
Joshua Metellus,MIN,DB,139,195,163.75,4,285,24.9
Christian Kirk,HOU,WR,124,275,164.0,19,286,24.10
Wan'Dale Robinson,NYG,WR,98,276,164.47,19,287,24.11
Kaden Elliss,ATL,LB,130,227,164.5,4,288,24.12
Kevin Winston,TEN,DB,42,372,165.0,3,289,25.1
Tyler Allgeier,ATL,RB,123,271,166.11,19,290,25.2
Ray Davis,BUF,RB,120,319,166.11,19,291,25.3
Tank Dell,HOU,WR,103,329,166.32,19,292,25.4
Quentin Johnston,LAC,WR,108,274,167.74,19,293,25.5
Laiatu Latu,IND,DL,122,198,169.0,4,294,25.6
Quincy Williams,NYJ,LB,112,205,169.0,4,295,25.7
Cedric Tillman,CLE,WR,127,322,169.63,19,296,25.8
Nakobe Dean,PHI,LB,150,219,169.75,4,297,25.9
Jaquan Brisker,CHI,DB,131,213,170.75,4,298,25.10
Cooper DeJean,PHI,DB,167,184,172.25,4,299,25.11
Micah McFadden,NYG,LB,145,217,173.5,4,300,25.12
Brenton Strange,JAX,TE,120,288,174.32,19,301,26.1
Tyler Nubin,NYG,DB,152,196,174.75,4,302,26.2
Tua Tagovailoa,MIA,QB,64,290,174.95,19,303,26.3
Devon Witherspoon,SEA,DB,152,213,175.0,4,304,26.4
Brandon Aubrey,DAL,K,133,204,179.0,8,305,26.5
Jalen Coker,CAR,WR,99,375,180.84,19,306,26.6
Pat Freiermuth,PIT,TE,95,389,180.95,19,307,26.7
Zach Allen,DEN,DE,160,199,182.5,4,308,26.8
Cade Otton,TB,TE,120,345,182.63,19,309,26.9
Sam Darnold,SEA,QB,80,346,182.74,19,310,26.10
Tez Johnson,TB,WR,47,283,183.0,11,311,26.11
Kerby Joseph,DET,DB,169,200,183.75,4,312,26.12
Austin Ekeler,WAS,RB,140,251,183.95,19,313,27.1
Will Reichard,MIN,K,51,248,184.67,9,314,27.2
Gunnar Helm,TEN,TE,41,379,185.07,14,315,27.3
George Karlaftis,KC,DL,127,221,185.25,4,316,27.4
Devin Lloyd,JAX,LB,131,244,185.75,4,317,27.5
Byron Young,LAR,LB,138,241,186.0,4,318,27.6
Rico Dowdle,CAR,RB,116,350,186.0,19,319,27.7
Quinn Ewers,MIA,QB,38,485,186.64,14,320,27.8
Philadelphia Eagles,PHI,DEF,188,188,188.0,1,321,27.9
Yaya Diaby,TB,DL,155,243,188.0,4,322,27.10
Hollywood Brown,KC,WR,108,295,188.21,19,323,27.11
Blake Corum,LAR,RB,121,323,188.26,19,324,27.12
Jaylin Lane,WAS,WR,48,358,188.67,12,325,28.1
LeQuint Allen,JAX,RB,35,290,189.55,11,326,28.2
Alex Highsmith,PIT,LB,157,230,189.75,4,327,28.3
Anthony Richardson,IND,QB,67,459,189.84,19,328,28.4
Dallas Goedert,PHI,TE,129,273,190.68,19,329,28.5
Ja'Tavion Sanders,CAR,TE,125,417,190.84,19,330,28.6
Romeo Doubs,GB,WR,128,348,190.95,19,331,28.7
Roschon Johnson,CHI,RB,156,284,191.95,19,332,28.8
Adonai Mitchell,IND,WR,126,306,192.32,19,333,28.9
Ivan Pace,MIN,LB,147,241,193.5,4,334,28.10
Jonathon Brooks,CAR,RB,114,326,193.58,19,335,28.11
Dillon Gabriel,CLE,QB,41,334,193.83,12,336,28.12
Ruben Hyppolite,CHI,LB,50,454,195.33,3,337,29.1
DeMario Douglas,NE,WR,116,306,196.68,19,338,29.2
Chig Okonkwo,TEN,TE,47,381,197.9,20,339,29.3
Jimmy Horn,CAR,WR,29,397,198.27,11,340,29.4
Isaiah Bond,CLE,WR,44,322,198.46,13,341,29.5
Cameron Dicker,LAC,K,147,224,199.0,8,342,29.6
MarShawn Lloyd,GB,RB,124,369,200.16,19,343,29.7
Jeremy Chinn,LV,DB,170,228,200.5,4,344,29.8
George Holani,SEA,RB,202,202,202.0,1,345,29.9
Teddye Buchanan,BAL,LB,33,493,202.33,3,346,29.10
Tuli Tuipulotu,LAC,DL,179,242,202.75,4,347,29.11
Landon Jackson,BUF,DL,34,492,203.0,3,348,29.12
Denver Broncos,DEN,DEF,205,205,205.0,1,349,30.1
Joshua Palmer,BUF,WR,150,313,205.11,19,350,30.2
Pat Surtain,DEN,CB,128,281,207.75,4,351,30.3
Blake Cashman,MIN,LB,164,239,208.25,4,352,30.4
Kobie Turner,LAR,DT,151,304,209.0,4,353,30.5
Dexter Lawrence,NYG,DT,187,265,210.0,4,354,30.6
KeAndre Lambert-Smith,LAC,WR,43,353,210.78,9,355,30.7
Michael Wilson,ARI,WR,151,328,212.0,19,356,30.8
Grant Delpit,CLE,DB,185,245,212.0,4,357,30.9
Troy Franklin,DEN,WR,149,346,212.42,19,358,30.10
Shemar James,DAL,LB,80,480,213.33,3,359,30.11
Audric Estime,DEN,RB,146,352,213.33,18,360,30.12
Jake Bates,DET,K,159,251,213.75,8,361,31.1
Ja'Quinden Jackson,JAX,RB,44,315,214.33,3,362,31.2
Alec Pierce,IND,WR,145,407,216.05,19,363,31.3
Keaton Mitchell,BAL,RB,165,308,216.63,19,364,31.4
Roman Wilson,PIT,WR,155,390,217.37,19,365,31.5
Christian Elliss,NE,LB,210,227,218.5,2,366,31.6
Brandon Jones,DEN,DB,181,317,218.5,4,367,31.7
Geno Smith,LV,QB,66,484,218.58,19,368,31.8
Cole Kmet,CHI,TE,131,403,221.5,18,369,31.9
Theo Johnson,NYG,TE,152,377,223.26,19,370,31.10
Jonathon Cooper,DEN,DL,131,315,223.5,4,371,31.11
Braden Fiske,LAR,DL,144,341,224.0,4,372,31.12
Arian Smith,NYJ,WR,68,300,225.33,9,373,32.1
Jack Kiser,JAX,LB,30,421,225.5,2,374,32.2
Kendre Miller,NO,RB,157,367,226.37,19,375,32.3
Dontayvion Wicks,GB,WR,150,439,226.68,19,376,32.4
Kareem Hunt,KC,RB,130,386,227.0,19,377,32.5
Hunter Henry,NE,TE,147,333,227.42,19,378,32.6
Jaleel McLaughlin,DEN,RB,119,392,227.74,19,379,32.7
Nick Chubb,HOU,RB,154,370,227.84,19,380,32.8
Zach Ertz,WAS,TE,165,360,228.26,19,381,32.9
Adam Thielen,CAR,WR,138,374,228.37,19,382,32.10
Diontae Johnson,CLE,WR,148,353,230.35,17,383,32.11
Jake Elliott,PHI,K,52,297,230.78,9,384,32.12
Nolan Smith,PHI,LB,146,287,232.0,4,385,33.1
Gardner Minshew,KC,QB,232,232,232.0,1,386,33.2
Jeremiah Owusu-Koramoah,CLE,LB,107,358,232.5,2,387,33.3
Chris Boswell,PIT,K,183,275,233.0,8,388,33.4
Jeffery Simmons,TEN,DT,185,298,233.0,4,389,33.5
Ty Chandler,MIN,RB,208,259,233.5,2,390,33.6
Trent McDuffie,KC,DB,161,300,233.5,4,391,33.7
Evan McPherson,CIN,K,213,266,234.25,8,392,33.8
Minkah Fitzpatrick,MIA,DB,220,254,234.25,4,393,33.9
Jaire Alexander,BAL,CB,235,235,235.0,1,394,33.10
Tyrice Knight,SEA,LB,166,402,235.0,4,395,33.11
Los Angeles Chargers,LAC,DEF,235,235,235.0,1,396,33.12
Elijah Moore,BUF,WR,176,348,235.18,17,397,34.1
David Walker,TB,LB,27,444,235.5,2,398,34.2
Matthew Stafford,LAR,QB,68,396,235.58,19,399,34.3
Ben Sinnott,WAS,TE,158,461,235.63,19,400,34.4
Houston Texans,HOU,DEF,236,236,236.0,1,401,34.5
Will Shipley,PHI,RB,136,357,236.05,19,402,34.6
Payton Wilson,PIT,LB,167,296,236.25,4,403,34.7
Baltimore Ravens,BAL,DEF,237,237,237.0,1,404,34.8
Calvin Austin,PIT,WR,147,337,237.11,18,405,34.9
Pittsburgh Steelers,PIT,DEF,238,238,238.0,1,406,34.10
DeAndre Hopkins,BAL,WR,142,440,238.37,19,407,34.11
Allen Lazard,NYJ,WR,168,320,238.43,7,408,34.12
Alexander Mattison,MIA,RB,60,329,238.89,9,409,35.1
Detroit Lions,DET,DEF,239,239,239.0,1,410,35.2
Mitchell Evans,CAR,TE,39,330,239.0,8,411,35.3
Joe Flacco,CLE,QB,163,330,239.0,3,412,35.4
Kayshon Boutte,NE,WR,164,391,239.56,18,413,35.5
Keenan Allen,LAC,WR,169,376,240.11,18,414,35.6
Jameis Winston,NYG,QB,49,341,240.4,10,415,35.7
Buffalo Bills,BUF,DEF,241,241,241.0,1,416,35.8
Azeez Al-Shaair,HOU,LB,217,254,241.0,4,417,35.9
San Francisco 49ers,SF,DEF,242,242,242.0,1,418,35.10
Andrei Iosivas,CIN,WR,147,451,242.89,19,419,35.11
Dallas Cowboys,DAL,DEF,243,243,243.0,1,420,35.12
Mike Gesicki,CIN,TE,153,387,243.11,19,421,36.1
Zack Moss,,RB,177,363,243.29,14,422,36.2
Will McDonald,NYJ,DE,226,266,243.75,4,423,36.3
Luke McCaffrey,WAS,WR,167,395,243.78,18,424,36.4
Kansas City Chiefs,KC,DEF,244,244,244.0,1,425,36.5
Sean Tucker,TB,RB,188,387,244.0,16,426,36.6
Germaine Pratt,LV,LB,204,267,244.0,4,427,36.7
E.J. Speed,HOU,LB,120,331,244.5,4,428,36.8
Noah Gray,KC,TE,156,385,244.58,19,429,36.9
Minnesota Vikings,MIN,DEF,245,245,245.0,1,430,36.10
Grant Calcaterra,PHI,TE,246,246,246.0,1,431,36.11
Chicago Bears,CHI,DEF,246,246,246.0,1,432,36.12
Ja'Lynn Polk,NE,WR,152,369,246.75,16,433,37.1
Los Angeles Rams,LAR,DEF,247,247,247.0,1,434,37.2
Tutu Atwell,LAR,WR,204,361,247.0,17,435,37.3
Mike Williams,,WR,162,345,247.7,10,436,37.4
Jordan Whittington,LAR,WR,149,481,247.79,19,437,37.5
New York Jets,NYJ,DEF,248,248,248.0,1,438,37.6
DeMarvion Overshown,DAL,LB,162,370,248.0,4,439,37.7
Efton Chism,NE,WR,70,382,248.29,7,440,37.8
Dyami Brown,JAX,WR,184,410,248.67,18,441,37.9
Seattle Seahawks,SEA,DEF,249,249,249.0,1,442,37.10
Tim Patrick,DET,WR,249,249,249.0,1,443,37.11
Harrison Butker,KC,K,166,298,249.13,8,444,37.12
Justice Hill,BAL,RB,171,401,249.74,19,445,38.1
Green Bay Packers,GB,DEF,250,250,250.0,1,446,38.2
Tyler Conklin,LAC,TE,197,330,250.18,11,447,38.3
Jordan Watkins,SF,WR,45,309,250.25,8,448,38.4
Will Levis,TEN,QB,164,353,250.33,3,449,38.5
Malik Washington,MIA,WR,154,442,250.63,19,450,38.6
Henry To'oTo'o,HOU,LB,192,318,251.25,4,451,38.7
Joe Milton,DAL,QB,161,396,251.47,15,452,38.8
Dre Greenlaw,DEN,LB,191,347,252.0,4,453,38.9
Tyleik Williams,DET,DL,51,453,252.0,2,454,38.10
New York Giants,NYG,DEF,252,252,252.0,1,455,38.11
Tyler Bass,BUF,K,195,317,252.38,8,456,38.12
Joshua Dobbs,NE,QB,249,256,252.5,2,457,39.1
Christian Watson,GB,WR,172,426,253.21,19,458,39.2
Jalen Tolbert,DAL,WR,169,409,253.35,17,459,39.3
Alex Singleton,DEN,LB,196,336,253.75,4,460,39.4
Montez Sweat,CHI,DE,153,363,253.75,4,461,39.5
Kirk Cousins,ATL,QB,176,333,253.88,8,462,39.6
Washington Commanders,WAS,DEF,254,254,254.0,1,463,39.7
Kalel Mullings,TEN,RB,230,295,254.43,7,464,39.8
Andy Dalton,CAR,QB,255,255,255.0,1,465,39.9
Indianapolis Colts,IND,DEF,255,255,255.0,1,466,39.10
Tre Tucker,LV,WR,190,380,255.18,17,467,39.11
Nick Nash,ATL,WR,215,286,255.5,6,468,39.12
Daniel Jones,IND,QB,157,378,255.8,15,469,40.1
Tampa Bay Buccaneers,TB,DEF,256,256,256.0,1,470,40.2
Dalton Schultz,HOU,TE,157,470,256.11,18,471,40.3
Daniel Carlson,LV,K,210,291,256.13,8,472,40.4
Jordan Battle,CIN,DB,183,293,256.5,4,473,40.5
Malachi Corley,NYJ,WR,181,400,256.88,16,474,40.6
Greg Dulcich,NYG,TE,257,257,257.0,1,475,40.7
Luke Musgrave,GB,TE,191,334,257.36,14,476,40.8
Miami Dolphins,MIA,DEF,258,258,258.0,1,477,40.9
Deshaun Watson,CLE,QB,258,258,258.0,1,478,40.10
Amari Cooper,,WR,158,473,258.11,19,479,40.11
Sam Howell,MIN,QB,211,349,258.33,6,480,40.12
Tre'von Moehrig,CAR,DB,208,384,258.5,4,481,41.1
Parker Washington,JAX,WR,167,385,258.71,17,482,41.2
New England Patriots,NE,DEF,259,259,259.0,1,483,41.3
Jalen Pitre,HOU,DB,198,344,260.25,4,484,41.4
Darnell Washington,PIT,TE,245,276,260.5,2,485,41.5
Mason Rudolph,PIT,QB,207,299,261.0,5,486,41.6
Ka'imi Fairbairn,HOU,K,198,292,261.5,8,487,41.7
Darius Slayton,NYG,WR,163,450,261.78,18,488,41.8
Kenneth Gainwell,PIT,RB,170,330,262.0,9,489,41.9
Kimani Vidal,LAC,RB,175,401,262.06,16,490,41.10
Malik Willis,GB,QB,242,283,262.5,2,491,41.11
Jermaine Burton,CIN,WR,179,495,262.67,18,492,41.12
Chop Robinson,MIA,DE,186,338,262.75,4,493,42.1
Tyler Lockett,TEN,WR,59,398,262.8,20,494,42.2
Quinnen Williams,NYJ,DT,211,299,263.0,4,495,42.3
Russell Wilson,NYG,QB,128,463,263.08,13,496,42.4
Kenny Pickett,CLE,QB,201,408,263.5,4,497,42.5
Noah Fant,CIN,TE,203,367,263.69,16,498,42.6
Reed Blankenship,PHI,DB,210,326,263.75,4,499,42.7
Cam Little,JAX,K,220,311,263.88,8,500,42.8
Traeshon Holden,DAL,WR,264,264,264.0,1,501,42.9
Marcus Mariota,WAS,QB,253,275,264.0,2,502,42.10
Arizona Cardinals,ARI,DEF,264,264,264.0,1,503,42.11
Taysom Hill,NO,TE,182,345,264.33,15,504,42.12
Rondale Moore,MIN,WR,247,285,265.0,5,505,43.1
Bobby Wagner,WAS,LB,243,300,265.0,3,506,43.2
Cleveland Browns,CLE,DEF,265,265,265.0,1,507,43.3
Isaiah Davis,NYJ,RB,172,429,265.21,19,508,43.4
Mac Jones,SF,QB,231,362,265.4,5,509,43.5
Younghoe Koo,ATL,K,231,318,265.57,7,510,43.6
Phil Mafah,DAL,RB,221,298,265.86,7,511,43.7
Antonio Gibson,NE,RB,204,333,265.87,15,512,43.8
Gabe Davis,,WR,194,344,266.0,9,513,43.9
Jonathan Mingo,DAL,WR,261,273,266.0,3,514,43.10
Brandin Cooks,NO,WR,196,314,266.31,13,515,43.11
Donovan Edwards,NYJ,RB,76,304,266.86,7,516,43.12
Spencer Rattler,NO,QB,155,394,267.54,13,517,44.1
Jake Moody,SF,K,225,319,267.63,8,518,44.2
Atlanta Falcons,ATL,DEF,268,268,268.0,1,519,44.3
Aaron Rodgers,PIT,QB,148,395,268.21,14,520,44.4
Ray-Ray McCloud,ATL,WR,234,307,268.22,9,521,44.5
Raheem Mostert,LV,RB,169,457,268.39,18,522,44.6
Will Dissly,LAC,TE,219,310,269.0,4,523,44.7
Jamari Thrash,CLE,WR,254,304,270.0,5,524,44.8
Juwan Johnson,NO,TE,194,455,270.31,16,525,44.9
Hendon Hooker,DET,QB,227,315,271.0,2,526,44.10
Las Vegas Raiders,LV,DEF,271,271,271.0,1,527,44.11
John Metchie,PHI,WR,222,332,271.11,9,528,44.12
Zamir White,LV,RB,194,372,271.15,13,529,45.1
Nick Westbrook-Ikhine,MIA,WR,216,358,271.4,10,530,45.2
Christian Gonzalez,NE,DB,231,314,271.5,4,531,45.3
Ricky White,SEA,WR,74,328,271.88,8,532,45.4
Jahan Dotson,PHI,WR,205,328,272.08,12,533,45.5
Jalen Nailor,MIN,WR,219,414,272.44,16,534,45.6
Treylon Burks,TEN,WR,233,312,272.5,2,535,45.7
Chase McLaughlin,TB,K,253,320,272.63,8,536,45.8
Matt Gay,WAS,K,258,287,272.67,6,537,45.9
Josh Sweat,ARI,DE,156,332,274.0,4,538,45.10
Dameon Pierce,HOU,RB,202,418,274.18,17,539,45.11
Khalil Herbert,IND,RB,169,414,274.36,14,540,45.12
Javon Baker,NE,WR,240,340,274.67,9,541,46.1
Casey Washington,ATL,WR,275,275,275.0,1,542,46.2
Cairo Santos,CHI,K,204,339,275.25,8,543,46.3
Devin Singletary,NYG,RB,181,374,275.38,16,544,46.4
Marcus Yarns,NO,RB,83,330,275.4,5,545,46.5
Devaughn Vele,NO,WR,206,419,275.67,12,546,46.6
Jason Sanders,MIA,K,189,358,276.0,8,547,46.7
DeShon Elliott,PIT,DB,239,311,276.0,3,548,46.8
DeForest Buckner,IND,DT,234,320,276.25,4,549,46.9
Zach Wilson,MIA,QB,256,300,276.67,3,550,46.10
Cam Akers,NO,RB,199,327,276.71,7,551,46.11
Dawson Knox,BUF,TE,229,348,276.83,6,552,46.12
Jacksonville Jaguars,JAX,DEF,277,277,277.0,1,553,47.1
Zach Sieler,MIA,DT,216,353,277.25,4,554,47.2
Tyson Bagent,CHI,QB,278,278,278.0,1,555,47.3
Miles Sanders,DAL,RB,200,408,278.0,17,556,47.4
New Orleans Saints,NO,DEF,278,278,278.0,1,557,47.5
Cade Stover,HOU,TE,233,335,278.2,10,558,47.6
Bub Means,NO,WR,232,340,278.29,7,559,47.7
Jason Myers,SEA,K,218,328,278.43,7,560,47.8
Tennessee Titans,TEN,DEF,279,279,279.0,1,561,47.9
Keleki Latu,BUF,TE,279,279,279.0,1,562,47.10
Greg Dortch,ARI,WR,211,392,279.18,11,563,47.11
Sauce Gardner,NYJ,DB,205,324,279.25,4,564,47.12
Tyler Higbee,LAR,TE,237,327,279.33,12,565,48.1
Jacob Cowing,SF,WR,230,348,279.5,8,566,48.2
Kam Curl,LAR,DB,224,343,279.5,4,567,48.3
Derek Stingley,HOU,DB,223,309,280.0,4,568,48.4
Calijah Kancey,TB,DL,199,359,280.25,4,569,48.5
Ty Johnson,BUF,RB,246,339,280.75,4,570,48.6
Michael Gallup,WAS,WR,265,297,281.0,2,571,48.7
Keisean Nixon,GB,CB,244,321,281.75,4,572,48.8
Evan Hull,PIT,RB,282,282,282.0,1,573,48.9
Devontez Walker,BAL,WR,221,332,282.17,6,574,48.10
Luke Schoonmaker,DAL,TE,228,325,282.38,8,575,48.11
Jalin Hyatt,NYG,WR,217,320,282.63,8,576,48.12
Clyde Edwards-Helaire,NO,RB,244,301,282.75,4,577,49.1
Jared Wiley,KC,TE,282,284,283.0,2,578,49.2
Michael Mayer,LV,TE,204,475,283.18,17,579,49.3
Kenneth Murray,DAL,LB,247,352,283.5,4,580,49.4
Noah Brown,WAS,WR,225,343,284.0,2,581,49.5
Jimmy Holiday,KC,WR,284,284,284.0,1,582,49.6
Kendrick Bourne,NE,WR,251,336,284.0,5,583,49.7
AJ Barner,SEA,TE,218,386,284.55,11,584,49.8
Frank Gore,BUF,RB,267,305,286.0,2,585,49.9
Olamide Zaccheaus,CHI,WR,230,334,286.0,3,586,49.10
Marquez Valdes-Scantling,SEA,WR,195,336,286.38,13,587,49.11
Joshua Karty,LAR,K,249,311,287.0,6,588,49.12
Ryan Fitzpatrick,,QB,287,287,287.0,1,589,50.1
Samaje Perine,CIN,RB,236,347,287.33,3,590,50.2
Corey Kiner,SF,RB,80,342,287.5,6,591,50.3
Tyrel Dodson,MIA,LB,218,393,287.75,4,592,50.4
Dorian Williams,BUF,LB,204,367,287.75,4,593,50.5
Jimmy Garoppolo,LAR,QB,288,288,288.0,1,594,50.6
Carolina Panthers,CAR,DEF,288,288,288.0,1,595,50.7
Cooper Rush,BAL,QB,250,361,288.67,3,596,50.8
Darren Waller,MIA,TE,193,329,289.83,6,597,50.9
Cincinnati Bengals,CIN,DEF,290,290,290.0,1,598,50.10
Xavier Gipson,NYJ,WR,266,337,290.0,3,599,50.11
Curtis Samuel,BUF,WR,213,410,290.17,12,600,50.12
Kevin Byard,CHI,DB,203,371,290.25,4,601,51.1
Elijah Mitchell,KC,RB,200,403,290.46,13,602,51.2
Alex Anzalone,DET,LB,241,371,291.25,4,603,51.3
A.J. Dillon,PHI,RB,223,399,291.38,16,604,51.4
Erick All,CIN,TE,259,341,291.83,6,605,51.5
Israel Abanikanda,GB,RB,279,301,292.0,3,606,51.6
Cam Miller,LV,QB,292,292,292.0,1,607,51.7
Derius Davis,LAC,WR,270,314,292.0,2,608,51.8
Demarcus Robinson,SF,WR,239,358,292.1,10,609,51.9
Josh Reynolds,NYJ,WR,230,354,292.2,5,610,51.10
Bradley Chubb,MIA,LB,219,364,292.25,4,611,51.11
Tremaine Edmunds,CHI,LB,247,386,292.75,4,612,51.12
Taylor Rapp,BUF,DB,258,329,293.5,2,613,52.1
Kyle Dugger,NE,DB,208,395,294.0,4,614,52.2
KaVontae Turpin,DAL,WR,189,462,295.46,13,615,52.3
Wil Lutz,DEN,K,261,371,295.71,7,616,52.4
Odafe Oweh,BAL,LB,268,332,296.5,4,617,52.5
Lavonte David,TB,LB,289,302,297.33,3,618,52.6
Dalevon Campbell,LAC,WR,298,298,298.0,1,619,52.7
Deommodore Lenoir,SF,DB,298,298,298.0,1,620,52.8
LaJohntay Wester,BAL,WR,268,331,300.25,4,621,52.9
Deuce Vaughn,DAL,RB,241,336,300.33,3,622,52.10
Konata Mumpfield,LAR,WR,260,327,300.33,3,623,52.11
Andy Borregales,NE,K,285,316,300.75,4,624,52.12
Emanuel Wilson,GB,RB,211,387,300.75,8,625,53.1
Jevon Holland,NYG,DB,228,388,301.0,4,626,53.2
Kenny Moore,IND,CB,240,396,303.0,3,627,53.3
Mack Hollins,NE,WR,303,303,303.0,1,628,53.4
Talanoa Hufanga,DEN,DB,270,339,303.25,4,629,53.5
Marlon Humphrey,BAL,CB,221,354,304.67,3,630,53.6
Tanner McKee,PHI,QB,305,305,305.0,1,631,53.7
Leonard Williams,SEA,DE,184,428,305.0,4,632,53.8
Raheim Sanders,LAC,RB,271,325,305.25,4,633,53.9
Chad Ryland,ARI,K,280,342,305.5,4,634,53.10
Drue Tranquill,KC,LB,162,432,306.25,4,635,53.11
Rashan Gary,GB,LB,274,367,306.25,4,636,53.12
Johnny Wilson,PHI,WR,284,329,306.5,2,637,54.1
Bo Melton,GB,WR,307,307,307.0,1,638,54.2
Joey Bosa,BUF,LB,276,345,307.5,4,639,54.3
Rivaldo Fairweather,DAL,TE,308,308,308.0,1,640,54.4
Nnamdi Madubuike,BAL,DT,174,460,308.75,4,641,54.5
Louis Rees-Zammit,,RB,263,355,309.0,2,642,54.6
Stone Smartt,NYJ,TE,283,338,310.5,2,643,54.7
Cody Barton,TEN,LB,245,377,311.0,4,644,54.8
Quentin Lake,LAR,DB,246,375,311.0,3,645,54.9
Hunter Renfrow,CAR,WR,216,464,311.25,4,646,54.10
Kyle Van Noy,BAL,LB,302,321,311.5,2,647,54.11
Jaelan Phillips,MIA,LB,183,466,311.5,4,648,54.12
Brandon McManus,GB,K,269,366,312.0,4,649,55.1
Nate Wiggins,BAL,CB,312,312,312.0,1,650,55.2
Toa Taua,CLE,RB,312,312,312.0,1,651,55.3
Cornelius Johnson,GB,WR,274,351,312.5,2,652,55.4
Chris Rodriguez,WAS,RB,251,441,312.5,4,653,55.5
Riley Leonard,IND,QB,252,500,312.71,7,654,55.6
JuJu Smith-Schuster,KC,WR,238,425,312.86,7,655,55.7
Eric Gray,NYG,RB,313,313,313.0,1,656,55.8
Tyler Huntley,CLE,QB,313,313,313.0,1,657,55.9
Ja'Quan McMillian,DEN,CB,314,314,314.0,1,658,55.10
Gus Edwards,,RB,282,346,314.0,2,659,55.11
Kwity Paye,IND,DE,258,353,314.33,3,660,55.12
Christian Harris,HOU,LB,280,334,315.0,3,661,56.1
Renardo Green,SF,DB,315,315,315.0,1,662,56.2
Carl Granderson,NO,DE,253,355,315.25,4,663,56.3
Paulson Adebo,NYG,CB,223,394,315.5,4,664,56.4
Gervon Dexter,CHI,DL,259,378,315.67,3,665,56.5
Ameer Abdullah,,RB,318,318,318.0,1,666,56.6
Dante Miller,NYG,RB,319,319,319.0,1,667,56.7
Bryan Bresee,NO,DT,319,319,319.0,1,668,56.8
Joey Porter,PIT,DB,319,319,319.0,1,669,56.9
Blake Grupe,NO,K,282,357,319.5,2,670,56.10
Haason Reddick,TB,LB,257,435,319.67,3,671,56.11
Akeem Davis-Gaither,ARI,LB,320,320,320.0,1,672,56.12
Tom Brady,,QB,281,369,320.4,5,673,57.1
Mike Sainristil,WAS,DB,255,431,320.5,4,674,57.2
Trey Sermon,PIT,RB,277,364,320.5,2,675,57.3
A'Shawn Robinson,CAR,DT,321,321,321.0,1,676,57.4
Quinyon Mitchell,PHI,CB,276,366,321.0,2,677,57.5
Emari Demercado,ARI,RB,322,322,322.0,1,678,57.6
James Williams,TEN,DB,324,324,324.0,1,679,57.7
Moliki Matavao,NO,TE,302,336,324.2,5,680,57.8
C.J. Gardner-Johnson,HOU,DB,252,430,324.25,4,681,57.9
Derek Carr,,QB,325,325,325.0,1,682,57.10
Antwane Wells,NYG,WR,289,343,325.17,6,683,57.11
Chris Jones,KC,DT,181,416,325.5,4,684,57.12
Derrick Brown,CAR,DT,254,423,326.0,4,685,58.1
Trey Palmer,TB,WR,277,416,326.0,3,686,58.2
Montrell Johnson,PHI,RB,326,326,326.0,1,687,58.3
Tyler Scott,CHI,WR,327,327,327.0,1,688,58.4
Chase Young,NO,DE,253,373,329.33,3,689,58.5
Boye Mafe,SEA,DL,281,376,331.0,4,690,58.6
Kaden Prather,BUF,WR,331,331,331.0,1,691,58.7
Aidan O'Connell,LV,QB,331,331,331.0,1,692,58.8
Jaylon Carlies,IND,DB,272,389,331.5,4,693,58.9
Lenny Krieg,ATL,K,321,343,332.0,2,694,58.10
Chris Brooks,GB,RB,332,332,332.0,1,695,58.11
Arnold Ebiketie,ATL,DL,290,378,334.0,2,696,58.12
Harrison Mevis,NYJ,K,334,334,334.0,1,697,59.1
Tyrone Broden,SEA,WR,334,334,334.0,1,698,59.2
DaRon Bland,DAL,DB,259,482,334.75,4,699,59.3
Ainias Smith,PHI,WR,335,335,335.0,1,700,59.4
Jalin Conyers,MIA,TE,335,335,335.0,1,701,59.5
Brenden Rice,LAC,WR,280,419,336.5,4,702,59.6
Ryan Fitzgerald,CAR,K,335,338,336.5,2,703,59.7
Spencer Shrader,IND,K,315,360,337.5,2,704,59.8
K.J. Osborn,WAS,WR,283,438,338.67,3,705,59.9
Tyquan Thornton,KC,WR,339,339,339.0,1,706,59.10
Matt Milano,BUF,LB,302,376,339.0,2,707,59.11
Colby Parkinson,LAR,TE,340,340,340.0,1,708,59.12
Divine Deablo,ATL,LB,330,354,341.67,3,709,60.1
Alontae Taylor,NO,DB,256,391,343.0,3,710,60.2
Christian Rozeboom,CAR,LB,313,400,343.33,3,711,60.3
Cam Taylor-Britt,CIN,DB,311,376,343.5,2,712,60.4
Junior Colson,LAC,LB,257,447,343.75,4,713,60.5
Kris Jenkins,CIN,DL,345,345,345.0,1,714,60.6
Tahj Washington,MIA,WR,285,407,345.33,3,715,60.7
Kyle McCord,PHI,QB,346,346,346.0,1,716,60.8
Alfonzo Graham,,RB,346,346,346.0,1,717,60.9
Sincere McCormick,LV,RB,347,347,347.0,1,718,60.10
Tykee Smith,TB,DB,304,394,349.0,2,719,60.11
Van Jefferson,TEN,WR,350,350,350.0,1,720,60.12
Christian Wilkins,,DT,275,483,350.67,3,721,61.1
Josh Newton,CIN,CB,352,352,352.0,1,722,61.2
Xavier Hutchinson,HOU,WR,352,352,352.0,1,723,61.3
Trenton Simpson,BAL,LB,322,386,354.0,2,724,61.4
Javon Bullard,GB,DB,291,399,354.25,4,725,61.5
Josey Jewell,,LB,248,479,354.33,3,726,61.6
Marist Liufau,DAL,LB,334,368,354.67,3,727,61.7
Justin Tucker,,K,345,365,355.0,2,728,61.8
Jadeveon Clowney,,DE,355,355,355.0,1,729,61.9
Jermaine Johnson,NYJ,LB,277,477,355.0,4,730,61.10
Derrick Barnes,DET,LB,340,380,355.67,3,731,61.11
Jordan Travis,,QB,356,356,356.0,1,732,61.12
Terrion Arnold,DET,DB,311,381,357.0,3,733,62.1
Kool-Aid McKinstry,NO,DB,343,374,358.5,2,734,62.2
Darius Robinson,ARI,DL,292,393,358.67,3,735,62.3
Trevon Diggs,DAL,CB,349,369,359.0,2,736,62.4
T'Vondre Sweat,TEN,DL,360,360,360.0,1,737,62.5
Harrison Smith,MIN,DB,360,360,360.0,1,738,62.6
Jalen Thompson,ARI,DB,256,487,360.25,4,739,62.7
Dax Hill,CIN,DB,361,361,361.0,2,740,62.8
D.J. Wonnum,CAR,DE,323,385,361.0,3,741,62.9
Chris Braswell,TB,LB,337,385,361.0,2,742,62.10
Jer'Zhan Newton,WAS,DL,362,362,362.0,1,743,62.11
Isaiah Simmons,GB,DB,342,383,362.5,2,744,62.12
Tyler Goodson,IND,RB,363,363,363.0,1,745,63.1
Byron Murphy,MIN,CB,308,446,364.0,3,746,63.2
Trevin Wallace,CAR,LB,295,434,364.5,4,747,63.3
Elandon Roberts,LV,LB,365,365,365.0,1,748,63.4
Byron Murphy,SEA,DL,328,388,365.0,3,749,63.5
Denzel Ward,CLE,CB,366,366,366.0,1,750,63.6
Khalil Mack,LAC,LB,285,443,366.0,4,751,63.7
Cade York,,K,367,367,367.0,1,752,63.8
Larry Fitzgerald,,WR,368,368,368.0,1,753,63.9
Taron Johnson,BUF,CB,289,448,368.5,2,754,63.10
Jake Bobo,SEA,WR,298,488,369.0,3,755,63.11
Jha'Quan Jackson,TEN,WR,370,370,370.0,1,756,63.12
Donovan Wilson,DAL,DB,371,371,371.0,1,757,64.1
Kamren Kinchens,LAR,DB,344,400,372.0,2,758,64.2
Jalyx Hunt,PHI,DE,373,373,373.0,1,759,64.3
Sione Vaki,DET,RB,359,388,373.5,2,760,64.4
Ed Oliver,BUF,DT,343,405,374.0,2,761,64.5
Cole Bishop,BUF,DB,342,407,374.5,2,762,64.6
Ashtyn Davis,MIA,DB,374,384,379.0,2,763,64.7
Skyy Moore,SF,WR,264,497,380.5,2,764,64.8
Malcolm Koonce,LV,DE,327,471,380.75,4,765,64.9
Lukas Van Ness,GB,DL,320,494,380.75,4,766,64.10
Nate Landman,LAR,LB,383,383,383.0,1,767,64.11
Tyrique Stevenson,CHI,CB,383,383,383.0,1,768,64.12
Daniel Bellinger,NYG,TE,318,449,383.5,2,769,65.1
Justin Reid,NO,DB,292,490,384.75,4,770,65.2
Isaiah Pola-Mao,LV,DB,365,405,385.0,2,771,65.3
Marshawn Kneeland,DAL,DL,387,387,387.0,1,772,65.4
Jaycee Horn,CAR,CB,390,390,390.0,1,773,65.5
Mack Wilson,ARI,LB,338,498,391.67,3,774,65.6
Christian Barmore,NE,DT,342,478,391.67,3,775,65.7
Jack Sanborn,DAL,LB,368,418,393.0,2,776,65.8
Pete Werner,NO,LB,389,399,394.0,2,777,65.9
Omar Speights,LAR,LB,333,456,394.5,2,778,65.10
Zaven Collins,ARI,LB,341,499,394.75,4,779,65.11
Osa Odighizuwa,DAL,DT,395,395,395.0,1,780,65.12
L'Jarius Sneed,TEN,CB,396,396,396.0,1,781,66.1
Felix Anudike-Uzomah,KC,DE,397,397,397.0,1,782,66.2
Oren Burks,CIN,LB,398,398,398.0,1,783,66.3
Jalen Ramsey,PIT,CB,357,422,399.67,3,784,66.4
Jaden Hicks,KC,DB,326,474,400.0,2,785,66.5
Jabrill Peppers,NE,DB,370,433,401.5,2,786,66.6
Milton Williams,NE,DT,402,402,402.0,1,787,66.7
Odell Beckham,,WR,372,436,404.0,2,788,66.8
Azeez Ojulari,PHI,LB,404,404,404.0,1,789,66.9
Calen Bullock,HOU,DB,405,405,405.0,1,790,66.10
Tarheeb Still,LAC,DB,406,406,406.0,1,791,66.11
Cameron Heyward,PIT,DT,409,409,409.0,1,792,66.12
Keion White,NE,DL,397,424,410.5,2,793,67.1
Jonah Elliss,DEN,DE,411,411,411.0,1,794,67.2
Jahlani Tavai,NE,LB,359,465,412.0,2,795,67.3
Maxwell Hairston,BUF,DB,413,413,413.0,1,796,67.4
Nick Herbig,PIT,LB,361,468,414.5,2,797,67.5
Chamarri Conner,KC,DB,363,501,415.33,3,798,67.6
DJ Turner,CIN,DB,417,417,417.0,1,799,67.7
Jarvis Brownlee,TEN,DB,391,476,433.5,2,800,67.8
Caleb Ransaw,JAX,DB,437,437,437.0,1,801,67.9
Bradyn Swinson,NE,DE,445,445,445.0,1,802,67.10
Demario Davis,NO,LB,458,458,458.0,1,803,67.11
Leonard Floyd,ATL,LB,467,467,467.0,1,804,67.12
Christian Benford,BUF,DB,486,486,486.0,1,805,68.1
Jonathan Allen,MIN,DT,491,491,491.0,1,806,68.2
