season,name,league_id,draft_id
2025,Stoned Lack Dynastie #1,1209233140317425664,1209233140325826560
2024,Stoned Lack Dynastie #1,1075126001023164416,1075126001023164417
2023,Stoned Lack Dynastie #1,917108984723681280,917108984723681281
2022,Stoned Lack Dynastie #1,785212730322894848,785212730322894849
2021,Stoned Lack Dynastie #1,699704506530758656,699704520665550848
2025,SLL 2 Dynasty,1180230346197667840,1180230346197667841
2024,SLL 2 Dynasty,1051603386442850304,1051603386442850305
2023,SLL 2 Dynasty,918197943163961344,918197943163961345
2022,SLL 2 Dynasty,784357364970229760,784357364970229761
2021,SLL 2 Dynasty,699595670696300544,699595676350255104
2025,Stoned Lack Dynastie 3,1195778937733513216,1195778937746108416
2024,Stoned Lack Dynastie 3,1048238093331042304,1048238093331042305
2023,Stoned Lack Dynastie 3,917439813811318784,917439813811318785
2022,Stoned Lack Dynastie 3,784437396765822976,784437396765822977
2021,Stoned Lack Dynastie 3,699669580909461504,699669582914351104
2025,SLA DYNASTY 4,1209607849928302592,1209607849936691200
2024,SLA DYNASTY 4,1076219332172095488,1076219332172095489
2023,SLA DYNASTY 4,917755454367944704,917755454367944705
2022,SLA DYNASTY 4,802904258008707072,802904258008707073
2021,SLA DYNASTY 4,698302966406377472,698302971460558848
2025,STONED LACK DYNASTY 5,1181844911174176768,1181844911174176769
2024,STONED LACK DYNASTY 5,1053143294668029952,1053143294668029953
2023,STONED LACK DYNASTY 5,920860738699255808,920860738699255809
2022,STONED LACK DYNASTY 5,784443859873767424,784443859873767425
2021,STONED LACK DYNASTY 5,699765402640666624,699765407006949376
2025,StonedLack Dynasty Liga 6 🔥🔥🔥,1180582953490542592,1180582953490542593
2024,StonedLack Dynasty Liga 6 🔥🔥🔥,1048631053662920704,1048631053662920705
2023,StonedLack Dynasty Liga 6 🔥🔥🔥,916708556349665280,916708556349665281
2022,StonedLack Dynasty Liga 6 🔥🔥🔥,784400929607757824,784400929607757825
2021,StonedLack Dynasty Liga 6 🔥🔥🔥,699763686566326272,699763688114065408
2025,Stoned Lack Dynasty 7,1181536975269736448,1181536975269736449
2024,Stoned Lack Dynasty 7,1086037365413478400,1086037365413478401
2023,Stoned Lack Dynasty 7,916267687112839168,916267687112839169
2022,Stoned Lack Dynasty 7,784925787756331008,784925787756331009
2021,Stoned Lack Dynasty 7,699747113688440832,699747117262004224
2025,SLL 8 DYNASTY,1180311821918916608,1180311821918916609
2024,SLL 8 DYNASTY,1049344212866576384,1049344212866576385
2023,SLL 8 DYNASTY,951213579385077760,951213579385077761
2022,SLL 8 DYNASTY,784403833337053184,784403833337053185
2021,SLL 8 DYNASTY,699755610664681472,699755617782427648
2025,Stoned Lack Dynasty League #9 (Let's Go!),1180603162834702336,1180603162834702337
2024,Stoned Lack Dynasty League #9 (Let's Go!),1048538535227244544,1048538535227244545
2023,Stoned Lack Dynasty League #9 (Let's Go!),917899640002420736,917899640002420737
2022,Stoned Lack Dynasty League #9 (Let's Go!),784760879240605696,784760879240605697
2021,Stoned Lack Dynasty League #9 (Let's Go!),699721389237690368,699721395084537856
2025,Stoned Lack Dynasty 10,1187105219732697088,1187105219732697089
2024,Stoned Lack Dynasty 10,1049045384082980864,1049045384082980865
2023,Stoned Lack Dynasty 10,917162734096109568,917162734096109569
2022,Stoned Lack Dynasty 10,788030957004460032,788030957004460033
2021,Stoned Lack Dynasty 10,699567870933286912,699567880710205440
2025,SSL 11 IDP Dynasty,1182287035210129408,1182287035210129409
2024,SSL 11 IDP Dynasty,1077351625959788544,1077351625959788545
2023,SSL 11 IDP Dynasty,944705757025636352,944705757025636353
2022,SSL 11 IDP Dynasty,809931829292445696,809931829292445697
2021,SSL 11 IDP Dynasty,699393907951247360,699393910367133696
2025,SLL 12 IDP Dynasty ,1206707252904333312,1206707252912734208
2024,SLL 12 IDP Dynasty ,1070848563929825280,1070848563929825281
2023,SLL 12 IDP Dynasty ,918279978167427072,918279978167427073
2022,SLL 12 IDP Dynasty ,785470805684404224,785470805684404225
2021,SLL 12 IDP Dynasty ,699994090544119808,699994098739814400
2025,STONED LACK DYNASTY 13 IDP,1182673834217238528,1182673834217238529
2024,STONED LACK DYNASTY 13 IDP,1048364311787290624,1048364311787290625
2023,STONED LACK DYNASTY 13 IDP,918995974394249216,918995974394249217
2022,STONED LACK DYNASTY 13 IDP,784399398963683328,784399398963683329
2021,STONED LACK DYNASTY 13 IDP,705356017654898688,705356022428004352
2025,SLL 14 Dynasty,1210606508199383040,1210606508211978240
2024,SLL 14 Dynasty,1051213152895045632,1051213152895045633
2023,SLL 14 Dynasty,916776059234922496,916776059234922497
2022,SLL 14 Dynasty,809815959463399424,809815959463399425
2021,SLL 14 Dynasty,732396769027174400,732396774777556992
2025,SLL15,1194726230783582208,1194726230783582209
2024,SLL15,1048210596396675072,1048210596396675073
2023,SLL15,917231204162867200,917231204162867201
2022,SLL15,827462569961848832,827462572872687616
2025,SLL #16 Dynasty,1204157997916360704,1204157997928951808
2024,SLL #16 Dynasty,1066086639572795392,1066086639572795393
2023,SLL #16 Dynasty,919727862423343104,919727862423343105
2022,SLL #16 Dynasty,831481552465661952,831481554306957312
2025,Sons of Rivers #SLL17,1182681844257095680,1182681844257095681
2024,Sons of Rivers #SLL17,1065679769796173824,1065679769796173825
2023,Sons of Rivers #SLL17,920751532004519936,920751532004519937
2022,Sons of Rivers #SLL17,843042464121061376,845776033415286784
2025,Stoned Lack Dynasty 18,1198654756378132480,1198654756394901504
2024,Stoned Lack Dynasty 18,1050484015217627136,1050484015217627137
2023,Stoned Lack Dynasty 18,941801498869153792,941801498869153793
2022,Stoned Lack Dynasty 18,867485904397303808,867485905655586816
2025,SLL #19 Dynasty,1184247769674326016,1184247769674326017
2024,SLL #19 Dynasty,1062567367819075584,1062567367819075585
2023,SLL #19 Dynasty,954743629837389824,954743631066329088
2025,Stoned Lack Dynastie #20 ,1186799276489707520,1186799276489707521
2024,Stoned Lack Dynastie #20 ,1050132283480522752,1135249998116974592
2023,Stoned Lack Dynastie #20 ,960927949614637056,960927954958123008
2025,Stoned Lack Dynasty 21,1206997313344520192,1206997313352912896
2024,Stoned Lack Dynasty 21,1073663420957835264,1073663420957835265
2023,Stoned Lack Dynasty 21,981279088906231808,981279090445438976
2025,Stoned Lack Dynasty 22,1186321340412182528,1186321340412182529
2024,Stoned Lack Dynasty 22,1048511690419064832,1048511690419064833
2023,Stoned Lack Dynasty 22,990988201391087616,990988202842320896
2025,Stoned Lack Dynasty 23,1204822524987195392,1204822524999761920
2024,Stoned Lack Dynasty 23,1066442549130309632,1066442549130309633
2023,Stoned Lack Dynasty 23,995400667705536512,995400668858875904
2025,Stoned Lack Dynasty 24,1194741490742648832,1194741490742648833
2024,Stoned Lack Dynasty 24,1075864670105399296,1075864671212679168
2025,Stoned Lack Dynasty 25,1183111980349202432,1183111980353396736
2024,Stoned Lack Dynasty 25,1090714203226267648,1090714204409008128
2025,Stoned Lack Dynasty 26,1196774145552044032,1196774145560412160
2024,Stoned Lack Dynasty 26,1101960833485221888,1101960834936336384
2025,Stoned Lack Dynasty 27,1180590776307220480,1180590776307220481
2024,Stoned Lack Dynasty 27,1109910619613929472,1109910621145092096
2025,Stoned Lack Dynasty 28,1180196379875319808,1180196379875319809
2024,Stoned Lack Dynasty 28,1127689977992757248,1127689979246911488
2025,Stoned Lack Dynasty 29,1205588222306947072,1205588222315347968
2024,Stoned Lack Dynasty 29,1129857732640841728,1129857734653906944
2025,Stoned Lack Dynasty 30,1207817141764493312,1207817141777080320
2024,Stoned Lack Dynasty 30,1132013019371802624,1132013020772814848
2025,Stoned Lack Dynasty 31,1198377313197117440,1198377314392485888
2025,Stoned Lack Dynasty 32,1207100721535655936,1218740269936033792
2025,Stoned Lack  IDP Dynasty 33,1208531949958742016,1224835465740288000
2025,Stoned Lack Dynasty 34,1222678226208296960,1222678227483377664
2025,Stoned Lack Dynasty IDP Only,1201660025227976704,1201660025236369408
2024,Stoned Lack Dynasty IDP Only,1109910972271075328,1109910973801922560
2025,Stoned Lack Bestball Dynasty,1196950328071704576,1196950328075890688
2024,Stoned Lack Bestball Dynasty,1067047866012696576,1067047866012696577
2023,Stoned Lack Bestball Dynasty,917773598352355328,917773598352355329
2022,Stoned Lack Bestball Dynasty,825053025025523712,825053026120228864
